Country Code;Flag file; Full Text
93;af.gif;Afghanistan
355;al.gif;Albania
213;dz.gif;Algeria
684;as.gif;American Samoa
376;ad.gif;Andorra
244;ao.gif;Angola
1264;ai.gif;Anguilla (Karibik)
88234;aq.gif;Antarctic Global Networks
6721;aq.gif;Antarctica
1268;ag.gif;Antigua (Karibik)
54;ar.gif;Argentina
374;am.gif;Armenia
297;aw.gif;Aruba
247;unknown;Ascension
61;au.gif;Australia
43;at.gif;Austria
994;az.gif;Azerbaijan
1242;bs.gif;Bahamas
973;bh.gif;Bahrain
880;bd.gif;Bangladesh
1246;bb.gif;Barbados
375;by.gif;Belarus
32;be.gif;Belgium
501;bz.gif;Belize
229;bj.gif;Benin
1441;bmgif;Bermuda
975;bt.gif;Bhutan
591;bo.gif;Bolivia
387;ba.gif;Bosnia/Herzegovina
267;bw.gif;Botswana
55;br.gif;Brazil
1284;gb.gif;British Virgin Island (Karibik)
673;bn.gif;Brunei
359;bg.gif;Bulgaria
226;bf.gif;Burkina Faso
257;bi.gif;Burundi
855;kh.gif;Cambodia
237;cm.gif;Cameroon
1289;ca.gif;Canada
1506;ca.gif;Canada
1600;ca.gif;Canada
1647;ca.gif;Canada
1709;ca.gif;Canada
1778;ca.gif;Canada
1780;ca.gif;Canada
1807;ca.gif;Canada
1902;ca.gif;Canada
1403;ca.gif;Canada (Alberta Canada)
1250;ca.gif;Canada (British Columbia Canada)
1204;ca.gif;Canada (Manitoba Canada)
1819;ca.gif;Canada (Northwest Territory Canada)
1867;ca.gif;Canada (Northwest Territory Canada)
1416;ca.gif;Canada (Ontario Canada)
1519;ca.gif;Canada (Ontario Canada)
1613;ca.gif;Canada (Ontario Canada)
1705;ca.gif;Canada (Ontario Canada)
1905;ca.gif;Canada (Ontario Canada)
1418;ca.gif;Canada (Province of Quebec Canada)
1450;ca.gif;Canada (Province of Quebec Canada)
1514;ca.gif;Canada (Province of Quebec Canada)
1306;ca.gif;Canada (Saskatchewan Canada)
238;cv.gif;Cape Verde
1345;ky.gif;Cayman Island (Karibik)
236;cf.gif;Central Africa
235;td.gif;Chad
56;cl.gif;Chile
86;cn.gif;China
6189;cx.gif;Christmas Island
57;co.gif;Colombia
242;cg.gif;Congo
682;ck.gif;Cook Islands
506;cr.gif;Costa Rica
385;hr.gif;Croatia
225;ci.gif;Cote d√≠Ivoire
53;cu.gif;Cuba
357;cy.gif;Cyprus
45;dk.gif;Denmark
246;dj.gif;Diego Garcia
253;dj.gif;Djibouti
1767;dm.gif;Dominica (Karibik)
1809;do.gif;Dominican Republic (Karibik)
5632;cl.gif;Easter Island
593;ec.gif;Ecuador
20;eg.gif;Egypt
503;sv.gif;El Salvador
88213;us.gif;Emsat
240;gq.gif;Equatorial Guinea
291;er.gif;Eritrea
372;ee.gif;Estonia
251;et.gif;Ethiopia
500;fk.gif;Falkland Islands
298;fo.gif;Faroe Islands
679;fj.gif;Fiji
358;fi.gif;Finland
33;fr.gif;France
594;gf.gif;French Guyana
689;pf.gif;French Polynesia
241;ga.gif;Gabon
220;gm.gif;Gambia
995;ge.gif;Georgia
49;de.gif;Germany
233;gh.gif;Ghana
350;gi.gif;Gibraltar
881;us.gif;Global Satellite
882;us.gif;Global Satellite
8813;us.gif;GMSS - Ellipso
8818;us.gif;GMSS - Globalstar
8819;us.gif;GMSS - Globalstar
30;gr.gif;Greece
299;gl.gif;Greenland
1473;gd.gif;Grenada
590;gp.gif;Guadeloupe
1671;gu.gif;Guam (USA)
502;gt.gif;Guatemala
224;gn.gif;Guinea
245;gw.gif;Guinea-Bissau
592;gy.gif;Guyana
509;ht.gif;Haiti
504;hn.gif;Honduras
852;hk.gif;Hong Kong
36;hu.gif;Hungary
354;is.gif;Iceland
91;in.gif;India
62;id.gif;Indonesia
87;sat.gif;Inmarsat
800;int.gif;International Freecall
98;ir.gif;Iran
964;iq.gif;Iraq
353;ie.gif;Ireland
972;il.gif;Israel
39;it.gif;Italy
1876;jm.gif;Jamaica
81;jp.gif;Japan
962;jo.gif;Jordan
7;kz.gif;Kazakhstan
254;ke.gif;Kenya
686;ki.gif;Kiribati
2697;sat.gif;Komoren
965;kw.gif;Kuwait
996;kg.gif;Kyrgyzstan
856;la.gif;Laos
371;lv.gif;Latvia
961;lb.gif;Lebanon
266;ls.gif;Lesotho
231;lr.gif;Liberia
218;ly.gif;Libya
423;li.gif;Liechtenstein
370;lt.gif;Lithuania
352;lu.gif;Luxembourg
853;mo.gif;Macao
389;mk.gif;Macedonia
261;mg.gif;Madagascar
265;mw.gif;Malawi
60;my.gif;Malaysia
960;mv.gif;Maldives
223;ml.gif;Mali
356;mt.gif;Malta
1670;us.gif;Mariana Islands (USA)
212;ma.gif;Marocco
692;mh.gif;Marshall Islands
596;mq.gif;Martinique
222;mr.gif;Mauritania
230;mu.gif;Mauritius
269;yt.gif;Mayotte
52;mx.gif;Mexico
691;fm.gif;Micronesia
373;md.gif;Moldova
377;mc.gif;Monaco
976;mn.gif;Mongolia
1664;ms.gif;Monserrat (Karibik)
3818;me.gif;Montenegro
258;mz.gif;Mozambique
95;mm.gif;Myanmar (Burma)
264;na.gif;Namibia
674;nr.gif;Nauru
977;np.gif;Nepal
599;an.gif;Netherland Antilles
31;nl.gif;Netherlands
687;nc.gif;New Caledonia
64;nz.gif;New Zealand
505;ni.gif;Nicaragua
227;ne.gif;Niger
234;ng.gif;Nigeria
683;nu.gif;Niue Islands
6723;nf.gif;Norfolk
850;kp.gif;North Korea
47;no.gif;Norway
968;om.gif;Oman
670;tl.gif;Ost Timor
92;pk.gif;Pakistan
680;pw.gif;Palau
970;ps.gif;Palestine
507;pa.gif;Panama
675;pg.gif;Papua New Guinea
595;py.gif;Paraguay
51;pe.gif;Peru
63;ph.gif;Philippines
48;pl.gif;Poland
351;pt.gif;Portugal
1787;pr.gif;Puerto Rico
974;qa.gif;Qatar
262;re.gif;Reunion
40;ro.gif;Romania
7;ru.gif;Russian Federation
250;rw.gif;Rwanda
290;sh.gif;Saint Helena
378;sm.gif;San Marino
966;sa.gif;Saudi-Arabia
221;sn.gif;Senegal
381;rs.gif;Serbia
248;sc.gif;Seychelles
232;sl.gif;Sierra Leone
65;sg.gif;Singapore
421;sk.gif;Slovakia
386;si.gif;Slovenia
677;sb.gif;Solomon Islands
252;so.gif;Somalia
27;za.gif;South Africa
82;kr.gif;South Korea
34;es.gif;Spain
94;lk.gif;Sri Lanka
249;sd.gif;Sudan
597;sr.gif;Surinam
268;sz.gif;Swaziland
46;se.gif;Sweden
41;ch.gif;Switzerland
963;sy.gif;Syria
992;tj.gif;Tadjikistan
886;tw.gif;Taiwan
255;tz.gif;Tanzania
66;th.gif;Thailand
228;tg.gif;Togo
690;tk.gif;Tokelau
676;to.gif;Tonga
1868;tt.gif;Trinidad & Tobago (Karibik)
420;cz.gif;Czech Republic
216;tn.gif;Tunisia
1649;tc.gif;Turcs & Caicos (Karibik)
90;tr.gif;Turkey
993;tm.gif;Turkmenistan
688;tv.gif;Tuvalu
256;ug.gif;Uganda
380;ua.gif;Ukraine
971;ae.gif;United Arab.Emir.
44;gb.gif;United Kingdom
1808;us.gif;United States Hawai
598;uy.gif;Uruguay
1;us.gif;USA
1340;us.gif;USA
1604;us.gif;USA
1900;us.gif;USA PRS
998;uz.gif;Uzbekistan
678;vu.gif;Vanuatu
379;va.gif;Vatican City State
58;ve.gif;Venezuela
84;vn.gif;Vietnam
681;wf.gif;Wallis and Futuna
685;eh.gif;Western Samoa
967;ye.gif;Yemen
243;cd.gif;Zaire
260;zm.gif;Zambia
263;zw.gif;Zimbabwe
